parameter,n,bits_security,nist_level,data_encryption_time_s,query_encryption_time_s,data_decryption_time_s,query_execution_latency_s,query_throughput_per_s,overall_model_throughput_per_s,overall_model_latency_s,false_trust_acceptance_rate,num_data,num_queries,num_malicious,malicious_accepted
PARA.512,512,143,1,0.09028449998004362,0.021799369994550944,0.0006842000293545425,0.021951610007090495,45.55474517254062,48.31154374101545,0.3104848000803031,0.0,5,10,5,0
PARA.768,768,207,3,0.22592279996024445,0.033783440000843254,0.00011610001092776656,0.033937590016284956,29.46585186279137,26.52919590439534,0.5654148001340218,0.0,5,10,5,0
PARA.1024,1024,272,5,0.49393050000071526,0.1349708399910014,0.001181800034828484,0.13681015999172813,7.3093986591380515,8.050605462088805,1.8632138999528252,0.0,5,10,5,0
